date,username,to,replies,retweets,favorites,text,geo,mentions,hashtags,id,permalink
2019-11-30 22:36:15,MrJonBurk,nytimes,1,0,2,"It's over for #Harris, #Klobuchar, #Booker, #Steyer, #Yang, #Castro, #Gabbard, and #Bennet. Yang will make a good VP pick for #Bernie. Klobuchar for #Biden. Booker for #Warren. Bloomberg is a non starter (see Howard Schultz). #Election2020 #VoteBlue2020",,,#Harris #Klobuchar #Booker #Steyer #Yang #Castro #Gabbard #Bennet #Bernie #Biden #Warren #Election2020 #VoteBlue2020,1200906413515493376,https://twitter.com/MrJonBurk/status/1200906413515493376
2019-11-30 19:50:44,pennyshopgirl,pennyshopgirl,0,1,9,"And last, for the white men & women who have heatedly tried to convince me you are not racist or sexist during the last 6mos. Really? Have you? Are you enraged at the treatment #Harris, #Castro, #Booker have received? Or are you relieved you have several faulty white candidates?",,,#Harris #Castro #Booker,1200864760893526016,https://twitter.com/pennyshopgirl/status/1200864760893526016
2019-11-30 19:48:44,ciaogirl9,RachelRGonzalez,0,0,0,"#BOOKER was a #RhodesScholar",,,#BOOKER #RhodesScholar,1200864256314490882,https://twitter.com/ciaogirl9/status/1200864256314490882
2019-11-30 19:05:14,addefalco,,1,0,1,"Doncic is a fantastic player. But the fact he can draw fouls by forcefully initiating contact on retreating defenders w/their hands straight up is just ridiculous. #Doncic has been in the #NBA for barely over a year yet he receives far more respect from officials than #Booker.",,,#Doncic #NBA #NBA #Booker,1200853308606316544,https://twitter.com/addefalco/status/1200853308606316544
2019-11-30 17:11:27,BokharySammye,,0,0,0,"⁦@CoryBooker⁩ #Booker what is this open eyed crazy look Pls stop siphoning money from average Joe, go home #SameGoes4Harris #Run ⁦@AyannaPressley⁩ instead Surprised by @PeteButtigieg SuperPACAttackAdAired on @CNN - Newsweek SeriouslyURIgnorant",,@CoryBooker @AyannaPressley @PeteButtigieg @CNN,#Booker #SameGoes4Harris #Run,1200824675263078401,https://twitter.com/BokharySammye/status/1200824675263078401
2019-11-30 16:30:10,newsbubble3,,0,0,0,"Adam Schiff's star rises with impeachment hearings | TheHill https://www.newsoath.com/news/adam-schiff-s-star-rises-with-impeachment-hearings-thehill #JohnTrumpKamalaHarris #NewIowa #Booker #RhodesScholar #Mulvaney #HouseIntelligenceCommittee #AdamSchiffAdamBennett #Ukrainian #T",,,#JohnTrumpKamalaHarris #NewIowa #Booker #RhodesScholar #Mulvaney #HouseIntelligenceCommittee #AdamSchiffAdamBennett #Ukrainian #T,1200814287482044416,https://twitter.com/newsbubble3/status/1200814287482044416
2019-11-30 16:06:58,mcindoe777,,0,0,0,"#I #KNOW #CORY #BOOKER #WASNT #GOING #TO #BE #PRESIDENT #WHEN #HE #AS #A #CHRISTIAN #WANTS #TO #LEGALIZE #WEED #FOR #ONE #GOD #SAID #MY #CHILDREN/#PEOPLE #SHOULD #NOT #WALK #AROUND #WITH #RED #EYES &amp; #SMOKE #COMING #OUT #THEIR #MOUTHS!!! ",,,#I #KNOW #CORY #BOOKER #WASNT #GOING #TO #BE #PRESIDENT #WHEN #HE #AS #A #CHRISTIAN #WANTS #TO #LEGALIZE #WEED #FOR #ONE #GOD #SAID #MY #CHILDREN #PEOPLE #SHOULD #NOT #WALK #AROUND #WITH #RED #EYES #SMOKE #COMING #OUT #THEIR #MOUTHS,1200808446884483073,https://twitter.com/mcindoe777/status/1200808446884483073
2019-11-30 15:33:32,Kuvidob,QuirkyReally,0,4,5,"#booker #harris #sanders #warren should all recuse themselves from house vote to impeach there's an OBVIOUS conflict of interest in wanting to impeach the POTUS they're running against.",,,#booker #harris #sanders #warren,1200800033362337799,https://twitter.com/Kuvidob/status/1200800033362337799
2019-11-30 15:30:29,ExNYmike2,MsAvaArmstrong,0,0,0,"Agreed! #FeebleFienstein #Gillibrand #Klobachar #Jayapal #Booker #Harris #Hirono &amp; lets not forget #JacksonLee w the payoff, other #DoNothingDems made #KavanaughHearing a circus! #DNC #Soros busing in their protester freaks! I'll never forget it",,,#FeebleFienstein #Gillibrand #Klobachar #Jayapal #Booker #Harris #Hirono #JacksonLee #DoNothingDems #KavanaughHearing #DNC #Soros,1200799266031067137,https://twitter.com/ExNYmike2/status/1200799266031067137
2019-11-30 14:44:39,NewsTalkPD,,0,0,0,"No just WAVE ByeBye dude! Save your coins for some other bet. @CoryBooker #Booker #TrumpLandslideVictory2020 #BlueWave2020",,@CoryBooker,#Booker #TrumpLandslideVictory2020 #BlueWave2020,1200787730755674114,https://twitter.com/NewsTalkPD/status/1200787730755674114
2019-11-30 14:03:37,ConnieAustinTX,myjourneymyself,0,0,0,"#Booker is delusional ",,,#Booker,1200777407319416833,https://twitter.com/ConnieAustinTX/status/1200777407319416833
2019-11-30 08:34:21,JoshuaMaurais,Swaggaboywheelz,0,1,1,"@AOC IM LIVING IN THE FUTURE SO THE PRESENT IS MY PAST YOU SHOULD RESPECT YOUR COMMANDER IN CHIEF @AndrewYang #YangMediaBlackout #YangGang #BoycottMSNBC #BOOMER #BOOKER #YangGang #Yang2020 #2020hindsight #5Dchess",,@AOC @AndrewYang,#YangMediaBlackout #YangGang #BoycottMSNBC #BOOMER #BOOKER #YangGang #Yang2020 #2020hindsight #5Dchess,1200694543273754624,https://twitter.com/JoshuaMaurais/status/1200694543273754624
2019-11-30 07:52:08,Desibesi,NBA,1,0,0,"#Booker double dribbled on his move. Tried to pick up ball for a sec. If they allow that it is a great fake ",,,#Booker,1200683917570977792,https://twitter.com/Desibesi/status/1200683917570977792
2019-11-30 05:08:55,FesterFan,TheFreedomFan,0,0,0,"I don't like looking at life through race. Yet the #DemocraticParty needs to undergo self-reflection. It has treated the 2 #AfricanAmerican candidates in its Presidential Primary - both Senators from major States - like 2nd class citizens. #Booker less than #Sanders?",,,#DemocraticParty #AfricanAmerican #Booker #Sanders,1200642843628277760,https://twitter.com/FesterFan/status/1200642843628277760
2019-11-30 04:20:25,SilverBulletLLC,,0,0,1,"The benefit of the doubt treatment second year player #lukadoncic gets is appalling. I swear when #mavericks drafted him they also got 10 refs with the draft pick. #Suns #Booker #NBA @ValleyoftheSuns",,@ValleyoftheSuns,#lukadoncic #mavericks #Suns #Booker #NBA #NBA,1200630636400144384,https://twitter.com/SilverBulletLLC/status/1200630636400144384
2019-11-30 01:54:40,ToeKneeResist,johnsonsamm,0,1,7,"Not to mention, she’ll actually answer questions; unlike Pete. “If” he decides to answer, he’ll do so in the abstract. People really need to pay attention. If everyone scrutinizes #Warren, #Harris, #Biden, #Booker &amp; #Klobuchar for everything...#MayorPete has to be accounted.",,,#Warren #Harris #Biden #Booker #Klobuchar #MayorPete,1200593959426367488,https://twitter.com/ToeKneeResist/status/1200593959426367488
2019-11-30 01:07:51,Michell37015798,RonQuinones58,0,1,2,"I heard his money is just about gone. As will he. Another one bites the dust. #Booker ",,,#Booker,1200582177848614912,https://twitter.com/Michell37015798/status/1200582177848614912
2019-11-29 21:57:11,pmajrr,BenMank77,0,0,0,"Looks like the Florida turnpike on Wednesday evening. Took me almost 6 hours to go from Ft. Lauderdale to Orlando which is normally a 3 1/2 hour drive. Yes, I was one tightly wound SOB by the time I got out of the car. Thanks to #Blantons &amp; #Booker bourbon upon arrival.",,,#Blantons #Booker,1200534195183013888,https://twitter.com/pmajrr/status/1200534195183013888
2019-11-29 21:32:46,clairepmarti,,0,0,1,"Winery #1 #Booker This is our version of Black Friday. #writerslife @Booker Vineyard https://www.instagram.com/p/B5duz6VnbaA/?igshid=5od4arivp3l6",,,#Booker #writerslife,1200528051672625152,https://twitter.com/clairepmarti/status/1200528051672625152
2019-11-29 21:24:10,vezna4,dbongino,0,0,0,"I know of the original Spartacus, but the leftists being the pervs they are, who highjack & defile everything, started using the name ""Spartacus"" years ago for one of their pedo rings & #Booker (accused of assaulting a man in a restroom) calls himself THAT? #DrainTheSwamp",,,#Booker #DrainTheSwamp,1200525887432732672,https://twitter.com/vezna4/status/1200525887432732672
2019-11-29 12:36:03,allergertto,,0,0,0,"Out side is drak, inside so bright. #neon #orange #pary #bangkok #thaland #thankyou #booker @Dusit Princess Srinakarin, Bangkok https://www.instagram.com/p/B5cxY4-ga6A/?igshid=1xgnquycsnkjr",,,#neon #orange #pary #bangkok #thaland #booker,1200392981519290369,https://twitter.com/allergertto/status/1200392981519290369
2019-11-29 08:04:38,DeeBossTalent,,13,5,57,"Casting wishes go out to our very own Connie Casting for Pharmaceutical Brand Commercial #TeamDB #Booker #CastingCall #Agent @ConnieDeeBoss @RosieDeeBoss",,@ConnieDeeBoss @RosieDeeBoss,#TeamDB #Booker #CastingCall #Agent,1200324677530468352,https://twitter.com/DeeBossTalent/status/1200324677530468352
2019-11-29 01:52:08,YtubeRE,,0,0,0,"ADD THE BOSS @s0frito1 RT @UnitedVoteRed: RT @UnitedVoteRed: BREAKING: Rik Mehta Announces run for Cory Booker's Senate Seat https://youtu.be/hIgKsVONUNU via @YouTube #BOOKER SENATE BEI…",,@UnitedVoteRed @UnitedVoteRed @YouTube,#BOOKER,1200230935507152904,https://twitter.com/YtubeRE/status/1200230935507152904
2019-11-29 00:56:03,Deportesdiaadia,,0,0,0,"Askia #Booker (UCAM Murcia), mejor jugador del mes de noviembre ",,,#Booker,1200216819723841536,https://twitter.com/Deportesdiaadia/status/1200216819723841536
2019-11-28 16:41:43,Allworld_GT,NightlyPolitics,0,0,1,"All #Trump #Scum. They will all go down. #Resist #Resistance #GOPmustGO #ImpeachTrump #VoteBlueNoMatterWho2020 #CNN #BBC #AMJoy #Maddow #Booker #MSNBC #NFL #NBA #TakeAKnee #Nike #March4Lives #VoteDem #espn #ASOSBlackFriday #DallasCowboys #Detroit #DetroitParade #Thanksgiving lol",,,#Trump #Scum #Resist #Resistance #GOPmustGO #ImpeachTrump #VoteBlueNoMatterWho2020 #CNN #BBC #AMJoy #Maddow #Booker #MSNBC #NFL #NBA #NBA #TakeAKnee #Nike #March4Lives #VoteDem #espn #ASOSBlackFriday #DallasCowboys #DallasCowboys #Detroit #DetroitParade #Thanksgiving,1200092415388004352,https://twitter.com/Allworld_GT/status/1200092415388004352
2019-11-28 12:35:19,ACBrown68796639,,0,0,0,"Today's info on #2020Election Wealth #Warren2020 @ewarren = $12.3 MILLION , #Biden2020 @JoeBiden = $9.5 MILLION , #Kamala2020 =$6.7 MILLION #Bernie2020 =$3.2 MILLION #BOOKER @CoryBooker =$2.1 MILLION ASK YOURSELF HOW WARREN ESPECIALLY GOT YHAT RICH ON $174K SALARY",,@ewarren @JoeBiden @CoryBooker,#2020Election #Warren2020 #Biden2020 #Kamala2020 #Bernie2020 #BOOKER,1200030410320891904,https://twitter.com/ACBrown68796639/status/1200030410320891904
2019-11-28 06:47:08,EL10PAEZ,,0,0,0," #USA, Democratic primary poll : #Biden : 23 % (-7) #Warren : 17 % (-5) #Sanders : 15 % (+3) #Buttigieg : 12 % (+3) #Harris : 4 % #Klobuchar : 3 % (+1) #Bloomberg : 3 % #Yang : 3 % (+1) #Booker : 2 % (+1) #Gabbard : 2 % (-1) ... #YouGov, 26/11/19",,,#USA #Biden #Warren #Sanders #Buttigieg #Harris #Klobuchar #Bloomberg #Yang #Booker #Gabbard #YouGov,1199942783319961600,https://twitter.com/EL10PAEZ/status/1199942783319961600
2019-11-28 03:18:42,herseynba,,0,0,5,"Devin #Booker rakibine acımadı! ",,,#Booker,1199890332399341569,https://twitter.com/herseynba/status/1199890332399341569
2019-11-28 02:38:40,thealisj,,0,0,3,"Penat-penat pun tapi masih lagi boleh senyum. #sabahan #bruneian #booker #preconvo #konvoums21 @Universiti Malaysia Sabah https://www.instagram.com/p/B5ZIOp2AS0B/?igshid=dfypmhj8blyg",,,#sabahan #bruneian #booker #preconvo #konvoums21,1199880257144315905,https://twitter.com/thealisj/status/1199880257144315905
2019-11-28 02:01:32,MichD9NP,ProudResister,0,0,0,"Has the substantive background & conscienceness of mind to be President? Harris: 75% “facts”, 25% “hell yes” Booker: 74.9% “backing it up”, 24.1% “most def” Castro: 74% “absolutemente”, 26% “si, el puedo hacerlo” Polling #blackfamily #Thanksgiving #Harrison #Booker #Castro",,,#blackfamily #Thanksgiving #Harrison #Booker #Castro,1199870912977391618,https://twitter.com/MichD9NP/status/1199870912977391618
2019-11-28 01:02:03,TheTrailerDan,DavidWaddell5,0,0,0,"Why are AOC, #SchiffForBrains And #Booker's eyes popping out? A symptom of lying? ",,,#SchiffForBrains #Booker,1199855940058660864,https://twitter.com/TheTrailerDan/status/1199855940058660864
2019-11-28 00:32:41,douglashenning,,0,0,0,"#comercial #natal shoppingpalladium #model alexadevii #agenciademodelos megamodelsul #produção theyouth_films @giordanomzar yuri.maranhao viralata________ duransodre _guidelamuta #booker @douglashenning andressaluque… https://www.instagram.com/p/B5Y5zpaFQVl/?igshid=m59sjghz9jr0",,@douglashenning,#comercial #natal #model #agenciademodelos #produ #booker,1199848552060653571,https://twitter.com/douglashenning/status/1199848552060653571
2019-11-27 23:36:48,DemonNinjaLlama,,1,0,5,"The Boy is home from school. He is a #Buttigieg fan. Currently he's arguing with my oldest daughter, who likes #Warren. I'm a #Klobuchar supporter. And the wife likes #Booker All of us except daughter would settle for Biden. We're a little microcosm of the primary",,,#Buttigieg #Warren #Klobuchar #Booker,1199834490018947074,https://twitter.com/DemonNinjaLlama/status/1199834490018947074
2019-11-27 23:20:24,TrevorL75773366,politico,1,1,0,"Look up Corey Booker lobbyist money from Big Pharma (part of the problem) He is a Pharma Puppet and nobody took in more money than Booker has from Pharma. It's been fact checked! #booker #pharmapuppet #partoftheproblem",,,#booker #pharmapuppet #partoftheproblem,1199830361380970498,https://twitter.com/TrevorL75773366/status/1199830361380970498
2019-11-27 22:00:29,ElectsWorld,,0,1,3," #USA, Democratic primary poll : #Biden : 23 % (-7) #Warren : 17 % (-5) #Sanders : 15 % (+3) #Buttigieg : 12 % (+3) #Harris : 4 % #Klobuchar : 3 % (+1) #Bloomberg : 3 % #Yang : 3 % (+1) #Booker : 2 % (+1) #Gabbard : 2 % (-1) ... #YouGov, 26/11/19",,,#USA #Biden #Warren #Sanders #Buttigieg #Harris #Klobuchar #Bloomberg #Yang #Booker #Gabbard #YouGov,1199810249420689409,https://twitter.com/ElectsWorld/status/1199810249420689409
2019-11-27 21:57:57,MintTrails,,0,0,1,"It's not my top criteria for picking a candidate, but FWIW, I REALLY like #Warren. She seems like a wonderful person! So are #Harris &amp; #Klobuchar. #Booker, #Yang and #Buttigieg are alright too. #warrenIsLiked",,,#Warren #Harris #Klobuchar #Booker #Yang #Buttigieg #warrenIsLiked,1199809611269902336,https://twitter.com/MintTrails/status/1199809611269902336
2019-11-27 18:29:02,MMJ8000,WizardRad,0,0,0,"***Link in Profile*** Check out this shirt and many others in my online store! #phoenixsuns #graffiti #basketball #NBA2K20 #PainteroftheNight #booker #oubrejr #phoenix #arizona",,,#phoenixsuns #graffiti #basketball #NBA2K20 #NBA2K20 #PainteroftheNight #booker #oubrejr #phoenix #arizona,1199757037686550528,https://twitter.com/MMJ8000/status/1199757037686550528
2019-11-27 18:17:24,DebbiDelicious,SawyerHackett,0,0,0,"#CASTRO #WARREN #SANDERS #HARRIS #BOOKER ",,,#CASTRO #WARREN #SANDERS #HARRIS #BOOKER,1199754110528086016,https://twitter.com/DebbiDelicious/status/1199754110528086016
2019-11-27 17:45:06,alannaiacono,CoryBooker,0,0,3,"I love a pun! And genuinely smart, kind, moral, witty, decent humans. #Booker ",,,#Booker,1199745979861422083,https://twitter.com/alannaiacono/status/1199745979861422083
2019-11-27 16:27:04,marxbanter,,0,0,0,"I think this #Democratic #presidential field is so chock full of #worthy, #intelligent, #honorable and #altruistic candidates that I would, unreservedly, support any of them over whomever the #Republicans get stuck with! #Sanders #Warren #Harris #Buttegieg #Booker #Klobuchar",,,#Democratic #presidential #worthy #intelligent #honorable #altruistic #Republicans #Sanders #Warren #Harris #Buttegieg #Booker #Klobuchar,1199726342352359426,https://twitter.com/marxbanter/status/1199726342352359426
2019-11-27 16:15:04,nyshelterpets,,0,8,4," Come snuggle #BOOKER before time runs out! #NYC He's the cuddliest! #PetRescue https://www.petfinder.com/petdetail/44160890",,,#BOOKER #NYC #PetRescue,1199723322751275014,https://twitter.com/nyshelterpets/status/1199723322751275014
2019-11-27 15:15:00,CapaMagKitap,,0,0,5,"#Booker ödüllü roman ""The Narrow Road to the Deep North"", Justin Kurzel'in yönetmenliğinde diziye uyarlanacak. ",,,#Booker,1199708205514772481,https://twitter.com/CapaMagKitap/status/1199708205514772481
2019-11-27 12:44:51,ElectsWorld,,0,0,4," #USA, Democratic primary poll : #Biden : 28 % (-6) #Sanders : 17 % (+1) #Warren : 14 % (-5) #Buttigieg : 11 % (+5) #Bloomberg : 3 % #Harris : 3 % (-3) #Steyer : 3 % (+2) #Yang : 3 % (+1) #Klobuchar : 2 % (-1) #Booker : 2 % (+1) ... #CNN/#SSRS, 24/11/19",,,#USA #Biden #Sanders #Warren #Buttigieg #Bloomberg #Harris #Steyer #Yang #Klobuchar #Booker #CNN #SSRS,1199670419571257344,https://twitter.com/ElectsWorld/status/1199670419571257344
2019-11-27 09:34:42,ElectsWorld,,0,0,3," #USA, Democratic primary #poll (in #NewHampshire): #Sanders: 26% (+13) #Buttigieg: 22% (+11) #Biden: 14% (-10) #Warren: 14% (-7) #Gabbard: 6% #Yang: 5% (+2) #Harris: 4% (-4) #Steyer: 3% (+2) #Booker: 2% (-2) #Klobuchar: 2% (+1) .. #EmersonCollege, 26/11/19",,,#USA #poll #NewHampshire #Sanders #Buttigieg #Biden #Warren #Gabbard #Yang #Harris #Steyer #Booker #Klobuchar #EmersonCollege,1199622567742574593,https://twitter.com/ElectsWorld/status/1199622567742574593
2019-11-27 06:53:02,Deportesdiaadia,,0,0,0,"Askia #Booker (UCAM Murcia), mejor jugador del mes de noviembre ",,,#Booker,1199581883673251841,https://twitter.com/Deportesdiaadia/status/1199581883673251841
2019-11-27 05:22:57,IsakuCosplay,,0,0,3,"So much fun editing those pics :3 can't wait for a new #BioShock ^^ #cosplay #malecosplayer #bookerdewitt #booker #computergames #cosplayer #isaku",,,#BioShock #cosplay #malecosplayer #bookerdewitt #booker #computergames #cosplayer #isaku,1199559211253948417,https://twitter.com/IsakuCosplay/status/1199559211253948417
2019-11-27 02:53:43,martin57963141,rock_valkyrie,1,0,2,"STFU with this #Bullshit. #ISupportWarren, Or I’ll support #Sanders, Or I’ll support #Booker, Or I’ll support #Harris, Or I’ll support whatever democrat is there because I won’t stand around and watch #trump finish destroying America. I’m an American before I’m a #Democrat.",,,#Bullshit #ISupportWarren #Sanders #Booker #Harris #trump #Democrat,1199521654562525185,https://twitter.com/martin57963141/status/1199521654562525185
2019-11-26 20:51:48,kyblueblood,,0,1,0,"Covington #Booker https://facebook.com/events/2170823656552646/?ti=as https://www.facebook.com/457056741018604/posts/2729747103749545/",,,#Booker,1199430577990119432,https://twitter.com/kyblueblood/status/1199430577990119432
2019-11-26 20:46:45,TanyaKaroli,DavidWright_CNN,0,0,0,"Please, America, you can do better than this! If you don't allow yourselves to think of PoC as ""electable"" you are creating a self-fulfilling prophecy. #Harris, #Booker and #Castro are excellent candidates. They deserve much better polling than this:",,,#Harris #Booker #Castro,1199429305836744704,https://twitter.com/TanyaKaroli/status/1199429305836744704
2019-11-26 20:20:02,SisiLiliDidi,,0,0,5,"Sorry, #YangGang! we missed another qualifying poll. #Biden 24% #Buttigieg 16% #Warren 14% #Sadners 13% #Harris 3% #Klobuchar 3% #Bloomberg 3% #AndrewYang 2% #Booker 2% #Gabbard 1% #Steyer 0% #Yang2020 #DemDebate #2020Election #Isupportyang Full Report",,,#YangGang #Biden #Buttigieg #Warren #Sadners #Harris #Klobuchar #Bloomberg #AndrewYang #Booker #Gabbard #Steyer #Yang2020 #DemDebate #2020Election #Isupportyang,1199422582849703937,https://twitter.com/SisiLiliDidi/status/1199422582849703937
2019-11-26 20:13:59,ElectsWorld,,1,1,6," #USA, Democratic primary poll: #Biden: 24% (+3) #Buttigieg: 16% (+6) #Warren: 14% (-14) #Sanders: 13% (-2) #Harris: 3% (-2) #Klobuchar: 3% #Bloomberg: 3% #Yang: 2% (+1) #Booker: 2% (+1) #Bennet: 2% (+2) #Castro: 2% (+1) .. #QuinnipiacUniversity, 25/11/19",,,#USA #Biden #Buttigieg #Warren #Sanders #Harris #Klobuchar #Bloomberg #Yang #Booker #Bennet #Castro #QuinnipiacUniversity,1199421058715140097,https://twitter.com/ElectsWorld/status/1199421058715140097
2019-11-26 19:52:24,Mar4L,,0,0,0,"Hey Brian Stelter, these are not Trump supporters but they may be part of a Liberal cult. #Pelosi #Schiff #AOC #Sanders #Nadler #ElizabethWarren #KamalaHarris #Swalwell #HillaryClinton #Biden #Bloomberg #Booker #CNN #MSNBC #NYTimes",,,#Pelosi #Schiff #AOC #Sanders #Nadler #ElizabethWarren #KamalaHarris #Swalwell #HillaryClinton #Biden #Bloomberg #Booker #CNN #MSNBC #NYTimes,1199415628551131136,https://twitter.com/Mar4L/status/1199415628551131136
2019-11-26 18:59:36,addeenofy34,,0,0,0,"If not for the fact that almost nobody saw it when it came out, I'd be pretty sure that this is the film YT people have playing in our minds whenever the idea of another POC POTUS is suggested. #Kamala2020 #Castro #Booker https://en.m.wikipedia.org/wiki/White_Man%27s_Burden_(film)",,,#Kamala2020 #Castro #Booker,1199402339863392256,https://twitter.com/addeenofy34/status/1199402339863392256
2019-11-26 17:12:22,Annimallover,girlsreallyrule,0,0,0,"#MayorPete is more an oddity than a viable candidate. #Booker has been a mayor of a ""Real City"" is a #RhodesScholar, has been thru ""Street Fights"" &amp; knows his way around #Washington. There should be A MINIMUM of experience required to do this job.",,,#MayorPete #Booker #RhodesScholar #Washington,1199375353623597057,https://twitter.com/Annimallover/status/1199375353623597057
2019-11-26 11:31:14,BloGoalcom,,0,0,0,"#Booker #Prizewinning ‘Deep #North’ #Heads to #Series #Under #Justin Kurzel and Shaun Grant https://is.gd/hR0KBW",,,#Booker #Prizewinning #North #Heads #Series #Under #Justin,1199289505607540737,https://twitter.com/BloGoalcom/status/1199289505607540737
2019-11-26 10:02:33,ElectsWorld,,0,1,6," #USA, Democratic primary #poll (in #NewHampshire) : #Sanders : 16 % (-1) #Warren : 14 % #Buttigieg : 13 % (+7) #Biden : 12% (-9) #Gabbard : 6% (+3) #Yang : 4% (+3) #Harris : 3% (-5) #Booker : 2% (+1) #Steyer : 2% (+1) ... (Undecided: 21%) #Suffolk, 24/11/19",,,#USA #poll #NewHampshire #Sanders #Warren #Buttigieg #Biden #Gabbard #Yang #Harris #Booker #Steyer #Suffolk,1199267187095158785,https://twitter.com/ElectsWorld/status/1199267187095158785
2019-11-26 09:45:17,ElectsWorld,,1,0,4," #USA, Democratic primary #poll : #Biden : 30% (-2) #Sanders : 21% (+1) #Warren : 15% (-2) #Buttigieg : 9% (+1) #Harris : 5% #Yang : 4% (+1) #Klobuchar : 2% #Booker : 2% #Bloomberg : 2% (-1) #Steyer : 2% (+1) #Gabbard : 2% ... #MorningConsult, 24/11/19",,,#USA #poll #Biden #Sanders #Warren #Buttigieg #Harris #Yang #Klobuchar #Booker #Bloomberg #Steyer #Gabbard #MorningConsult,1199262843373342720,https://twitter.com/ElectsWorld/status/1199262843373342720
2019-11-26 08:27:38,JoshuaMaurais,,0,0,0,"ON ELECTION DAY GO ON STRIKE DONT GO TO WORK GO TO THE POLLS AND VOTE THAT IS YOUR ONLY DUTY YEAH TRY AS THEY MAY THEY CANNOT fire ALL OF US @AndrewYang @MSNBC #YangGang #YangTheGOAT #Yang2020 #YangMediaBlackout #YangBeatsTrump #yanggangland #yanggangbang #Boomer #booker ",,@AndrewYang @MSNBC,#YangGang #YangTheGOAT #Yang2020 #YangMediaBlackout #YangBeatsTrump #yanggangland #yanggangbang #Boomer #booker,1199243300890243072,https://twitter.com/JoshuaMaurais/status/1199243300890243072
2019-11-26 03:01:14,W2BDreMontez,,0,0,0,"That was well said , ""This is not Melrose Place , this is The Wire"" #Booker @espn",,@espn,#Booker,1199161158030241793,https://twitter.com/W2BDreMontez/status/1199161158030241793
2019-11-26 02:41:59,PicardSa,MAGAPATRIOT_TGM,0,0,1,"Right, from #Kavanaugh to @realDonaldTrump , fools like #Pelosi, #Kamala, #Booker, Warren etc have all said, if you are not guilty, you would beg for an investigation ",,@realDonaldTrump,#Kavanaugh #Pelosi #Kamala #Booker,1199156316188504064,https://twitter.com/PicardSa/status/1199156316188504064
2019-11-26 00:32:01,DianneInIndiana,,0,3,8,"Please explain, since no one else seems to be able to: If our president cannot investigate corruption by his political opponent, @JoeBiden how can 6 of his political opponents be on a jury in a criminal impeachment trial to decide his fate?? #Harris #Warren #Booker etc????",,@JoeBiden,#Harris #Warren #Booker,1199123608922140673,https://twitter.com/DianneInIndiana/status/1199123608922140673
2019-11-25 21:16:19,El_Daverino,Newsweek,0,0,2,"It bums me out that in the 3+ weeks since #Beto dropped out, it feels like the gun policy issue has nearly disappeared. With the exception of #Kamala &amp; #Booker, it feels like no other candidate is willing to step up to be bold. Feels like we're back to just ""thoughts &amp; prayers"" ",,,#Beto #Kamala #Booker,1199074357814996998,https://twitter.com/El_Daverino/status/1199074357814996998
2019-11-25 21:00:19,PoliticsVillage,,0,0,0,"#CoryBooker’s Birth Chart Explains Why He’s So Passionate About Climate Change https://www.cosmopolitan.com/politics/a29859388/cory-booker-birth-chart/ #Election2020 #Booker",,,#CoryBooker #Election2020 #Booker,1199070332931518465,https://twitter.com/PoliticsVillage/status/1199070332931518465
2019-11-25 18:41:27,september919,,0,0,0,"#Flashback #June #2018 #weddingfashion nylabooka @AmariBee_yup mari_artlove alynabee @september919 #. #Bookers #Booker #Mother #daughters #sisters #hair #wardrobe #makeup #by #Amy #ny’s #skirt from #teedy https://www.instagram.com/p/B5LQlIDFcC2/?igshid=17rfdbzoqn1n5",,@AmariBee_yup @september919,#Flashback #June #weddingfashion #Bookers #Booker #Mother #daughters #sisters #hair #wardrobe #makeup #by #Amy #ny #skirt #teedy,1199035386066079745,https://twitter.com/september919/status/1199035386066079745
2019-11-25 17:12:45,AKPTRSVC,,0,0,0,"""This week, I hear (#Biden) literally say that I don’t think we should legalize #marijuana,"" #Booker said. ""I thought you might have been high when you said it."" ",,,#Biden #marijuana #Booker,1199013063363452930,https://twitter.com/AKPTRSVC/status/1199013063363452930
2019-11-25 16:55:27,Judgepete81,,0,0,0,"#Booker: ‘Nancy Pelosi Has Been a Brilliant Strategist and Leader’ on Impeachment- @BreitbartNews",,@BreitbartNews,#Booker,1199008708606545920,https://twitter.com/Judgepete81/status/1199008708606545920
2019-11-25 14:36:43,zaharako,,9,0,15,"I’ve resisted getting fully behind a single Dem candidate so far. Not because I’m lukewarm on choices but because I think they’re all great. So help me out, I’ve finally narrowed it down to: #Warren #Buttigieg #Bernie #Booker #Harris #Yang #Biden #AmyKlobuchar or #HillaryClinton",,,#Warren #Buttigieg #Bernie #Booker #Harris #Yang #Biden #AmyKlobuchar #HillaryClinton,1198973797157588993,https://twitter.com/zaharako/status/1198973797157588993
2019-11-25 12:29:16,JoshuaMaurais,JoshuaMaurais,1,0,0,"WHATEVER YOU SAY #Boomer SINCERELY #BOOKER @AndrewYang @MSNBC @realDonaldTrump @BarackObama",,@AndrewYang @MSNBC @realDonaldTrump @BarackObama,#Boomer #BOOKER,1198941724204122112,https://twitter.com/JoshuaMaurais/status/1198941724204122112
2019-11-25 11:31:44,SherryLHoward,,0,0,0,"Kamala Harris gets on my nerves, I'm sorry! #democrats we need to get behind candidates that can win the other side isn't playing by the same rules we are get that through your heads #booker &amp; #warren and #ElizabethWarren not #bernie can beat trump &amp; attacking Bloomberg is dumb.",,,#democrats #booker #warren #ElizabethWarren #bernie,1198927244615389186,https://twitter.com/SherryLHoward/status/1198927244615389186
2019-11-25 05:34:59,nicoleboxer,rogertansey,0,0,2,"Absolutely not alone #Booker",,,#Booker,1198837463394869255,https://twitter.com/nicoleboxer/status/1198837463394869255
2019-11-25 05:33:46,JoshuaMaurais,,0,0,0,"YOU CAN CALL ME #BOOKER SHORT FOR BOOKWORM CAUSE IM DIRTY AND SQUIRM BUT I GET TO CALL YOU #Boomer IN RETURN",,,#BOOKER #Boomer,1198837157122600960,https://twitter.com/JoshuaMaurais/status/1198837157122600960
